Размер кредита;Процент по кредиту;Размер первоначального взноса;Вид платежей (аннуитетный или дифференцированный);Срок кредита;Срок первого платежа и периодичность платежей
1800000;10;300000;differential;180;15/01/2019
1800000;10;300000;annuity;180;15/01/2018
1800000;10;300000;differential;180;15/01/2017
1800000;10;300000;annuity;180;15/01/2018
1800000;10;300000;differential;180;15/01/2019
1800000;10;300000;differential;180;15/01/2019
1800000;10;300000;annuity;180;15/01/2018
1800000;10;300000;differential;180;15/01/2017
1800000;10;300000;annuity;180;15/01/2018
1800000;10;300000;differential;180;15/01/2019
1800000;10;300000;differential;180;15/01/2019
1800000;10;300000;annuity;180;15/01/2018
1800000;10;300000;differential;180;15/01/2017
1800000;10;300000;annuity;180;15/01/2018
1800000;10;300000;differential;180;15/01/2019
1800000;10;300000;differential;180;15/01/2019
1800000;10;300000;annuity;180;15/01/2018
1800000;10;300000;differential;180;15/01/2017
1800000;10;300000;annuity;180;15/01/2018
1800000;10;300000;differential;180;15/01/2019
1800000;10;300000;differential;180;15/01/2017
1800000;10;300000;annuity;180;15/01/2018
1800000;10;300000;differential;180;15/01/2019
1800000;10;300000;differential;180;15/01/2019
1800000;10;300000;annuity;180;15/01/2018
1800000;10;300000;differential;180;15/01/2017
1800000;10;300000;annuity;180;15/01/2018
1800000;10;300000;differential;180;15/01/2019
1800000;10;300000;differential;180;15/01/2019
1800000;10;300000;annuity;180;15/01/2018
1800000;10;300000;differential;180;15/01/2017
1800000;10;300000;annuity;180;15/01/2018
1800000;10;300000;differential;180;15/01/2019
1800000;10;300000;differential;180;15/01/2019
1800000;10;300000;annuity;180;15/01/2018
1800000;10;300000;differential;180;15/01/2017
1800000;10;300000;annuity;180;15/01/2018
1800000;10;300000;differential;180;15/01/2019
1800000;10;300000;differential;180;15/01/2017
1800000;10;300000;annuity;180;15/01/2018
1800000;10;300000;differential;180;15/01/2019
1800000;10;300000;differential;180;15/01/2019
1800000;10;300000;annuity;180;15/01/2018
1800000;10;300000;differential;180;15/01/2017
1800000;10;300000;annuity;180;15/01/2018
1800000;10;300000;differential;180;15/01/2019
1800000;10;300000;differential;180;15/01/2019
1800000;10;300000;annuity;180;15/01/2018
1800000;10;300000;differential;180;15/01/2017
1800000;10;300000;annuity;180;15/01/2018
1800000;10;300000;differential;180;15/01/2019
1800000;10;300000;differential;180;15/01/2019
1800000;10;300000;annuity;180;15/01/2018
1800000;10;300000;differential;180;15/01/2017
1800000;10;300000;annuity;180;15/01/2018
1800000;10;300000;differential;180;15/01/2019
1800000;10;300000;differential;180;15/01/2017
1800000;10;300000;annuity;180;15/01/2018
1800000;10;300000;differential;180;15/01/2019
1800000;10;300000;differential;180;15/01/2019
1800000;10;300000;annuity;180;15/01/2018
1800000;10;300000;differential;180;15/01/2017
1800000;10;300000;annuity;180;15/01/2018
1800000;10;300000;differential;180;15/01/2019
1800000;10;300000;differential;180;15/01/2019
1800000;10;300000;annuity;180;15/01/2018
1800000;10;300000;differential;180;15/01/2017
1800000;10;300000;annuity;180;15/01/2018
1800000;10;300000;differential;180;15/01/2019
1800000;10;300000;differential;180;15/01/2019
1800000;10;300000;annuity;180;15/01/2018
1800000;10;300000;differential;180;15/01/2017
1800000;10;300000;annuity;180;15/01/2018
1800000;10;300000;differential;180;15/01/2019
1800000;10;300000;differential;180;15/01/2017
1800000;10;300000;annuity;180;15/01/2018
1800000;10;300000;differential;180;15/01/2019
1800000;10;300000;differential;180;15/01/2019
1800000;10;300000;annuity;180;15/01/2018
1800000;10;300000;differential;180;15/01/2017
1800000;10;300000;annuity;180;15/01/2018
1800000;10;300000;differential;180;15/01/2019
1800000;10;300000;differential;180;15/01/2019
1800000;10;300000;annuity;180;15/01/2018
1800000;10;300000;differential;180;15/01/2017
1800000;10;300000;annuity;180;15/01/2018
1800000;10;300000;differential;180;15/01/2019
1800000;10;300000;differential;180;15/01/2019
1800000;10;300000;annuity;180;15/01/2018
1800000;10;300000;differential;180;15/01/2017
1800000;10;300000;annuity;180;15/01/2018
1800000;10;300000;differential;180;15/01/2019
1800000;10;300000;differential;180;15/01/2017
1800000;10;300000;annuity;180;15/01/2018
1800000;10;300000;differential;180;15/01/2019
1800000;10;300000;differential;180;15/01/2019
1800000;10;300000;annuity;180;15/01/2018
1800000;10;300000;differential;180;15/01/2017
1800000;10;300000;annuity;180;15/01/2018
1800000;10;300000;differential;180;15/01/2019
1800000;10;300000;annuity;180;15/01/2018
1800000;10;300000;differential;180;15/01/2017
1800000;10;300000;annuity;180;15/01/2018
1800000;10;300000;differential;180;15/01/2019
1800000;10;300000;differential;180;15/01/2019
1800000;10;300000;annuity;180;15/01/2018
1800000;10;300000;differential;180;15/01/2017
1800000;10;300000;annuity;180;15/01/2018
1800000;10;300000;differential;180;15/01/2019
1800000;10;300000;differential;180;15/01/2019
1800000;10;300000;annuity;180;15/01/2018
1800000;10;300000;differential;180;15/01/2017
1800000;10;300000;annuity;180;15/01/2018
1800000;10;300000;differential;180;15/01/2019
1800000;10;300000;differential;180;15/01/2019
1800000;10;300000;annuity;180;15/01/2018
1800000;10;300000;differential;180;15/01/2017
1800000;10;300000;annuity;180;15/01/2018
1800000;10;300000;differential;180;15/01/2019
1800000;10;300000;differential;180;15/01/2017
1800000;10;300000;annuity;180;15/01/2018
1800000;10;300000;differential;180;15/01/2019
1800000;10;300000;differential;180;15/01/2019
1800000;10;300000;annuity;180;15/01/2018
1800000;10;300000;differential;180;15/01/2017
1800000;10;300000;annuity;180;15/01/2018
1800000;10;300000;differential;180;15/01/2019
1800000;10;300000;differential;180;15/01/2019
1800000;10;300000;annuity;180;15/01/2018
1800000;10;300000;differential;180;15/01/2017
1800000;10;300000;annuity;180;15/01/2018
1800000;10;300000;differential;180;15/01/2019
1800000;10;300000;differential;180;15/01/2019
1800000;10;300000;annuity;180;15/01/2018
1800000;10;300000;differential;180;15/01/2017
1800000;10;300000;annuity;180;15/01/2018
1800000;10;300000;differential;180;15/01/2019
1800000;10;300000;differential;180;15/01/2017
1800000;10;300000;annuity;180;15/01/2018
1800000;10;300000;differential;180;15/01/2019
1800000;10;300000;differential;180;15/01/2019
1800000;10;300000;annuity;180;15/01/2018
1800000;10;300000;differential;180;15/01/2017
1800000;10;300000;annuity;180;15/01/2018
1800000;10;300000;differential;180;15/01/2019
1800000;10;300000;differential;180;15/01/2019
1800000;10;300000;annuity;180;15/01/2018
1800000;10;300000;differential;180;15/01/2017
1800000;10;300000;annuity;180;15/01/2018
1800000;10;300000;differential;180;15/01/2019
1800000;10;300000;differential;180;15/01/2019
1800000;10;300000;annuity;180;15/01/2018
1800000;10;300000;differential;180;15/01/2017
1800000;10;300000;annuity;180;15/01/2018
1800000;10;300000;differential;180;15/01/2019
1800000;10;300000;differential;180;15/01/2017
1800000;10;300000;annuity;180;15/01/2018
1800000;10;300000;differential;180;15/01/2019
1800000;10;300000;differential;180;15/01/2019
1800000;10;300000;annuity;180;15/01/2018
1800000;10;300000;differential;180;15/01/2017
1800000;10;300000;annuity;180;15/01/2018
1800000;10;300000;differential;180;15/01/2019
1800000;10;300000;differential;180;15/01/2019
1800000;10;300000;annuity;180;15/01/2018
1800000;10;300000;differential;180;15/01/2017
1800000;10;300000;annuity;180;15/01/2018
1800000;10;300000;differential;180;15/01/2019
1800000;10;300000;differential;180;15/01/2019
1800000;10;300000;annuity;180;15/01/2018
1800000;10;300000;differential;180;15/01/2017
1800000;10;300000;annuity;180;15/01/2018
1800000;10;300000;differential;180;15/01/2019
1800000;10;300000;differential;180;15/01/2017
1800000;10;300000;annuity;180;15/01/2018
1800000;10;300000;differential;180;15/01/2019
1800000;10;300000;differential;180;15/01/2019
1800000;10;300000;annuity;180;15/01/2018
1800000;10;300000;differential;180;15/01/2017
1800000;10;300000;annuity;180;15/01/2018
1800000;10;300000;differential;180;15/01/2019
1800000;10;300000;differential;180;15/01/2019
1800000;10;300000;annuity;180;15/01/2018
1800000;10;300000;differential;180;15/01/2017
1800000;10;300000;annuity;180;15/01/2018
1800000;10;300000;differential;180;15/01/2019
1800000;10;300000;differential;180;15/01/2019
1800000;10;300000;annuity;180;15/01/2018
1800000;10;300000;differential;180;15/01/2017
1800000;10;300000;annuity;180;15/01/2018
1800000;10;300000;differential;180;15/01/2019
1800000;10;300000;differential;180;15/01/2017
1800000;10;300000;annuity;180;15/01/2018
1800000;10;300000;differential;180;15/01/2019
1800000;10;300000;differential;180;15/01/2019
1800000;10;300000;annuity;180;15/01/2018
1800000;10;300000;differential;180;15/01/2017
1800000;10;300000;annuity;180;15/01/2018
1800000;10;300000;differential;180;15/01/2019
1800000;10;300000;annuity;180;15/01/2018
1800000;10;300000;differential;180;15/01/2017
1800000;10;300000;annuity;180;15/01/2018
1800000;10;300000;differential;180;15/01/2019
1800000;10;300000;differential;180;15/01/2019
1800000;10;300000;annuity;180;15/01/2018
1800000;10;300000;differential;180;15/01/2017
1800000;10;300000;annuity;180;15/01/2018
1800000;10;300000;differential;180;15/01/2019
1800000;10;300000;differential;180;15/01/2019
1800000;10;300000;annuity;180;15/01/2018
1800000;10;300000;differential;180;15/01/2017
1800000;10;300000;annuity;180;15/01/2018
1800000;10;300000;differential;180;15/01/2019
1800000;10;300000;differential;180;15/01/2019
1800000;10;300000;annuity;180;15/01/2018
1800000;10;300000;differential;180;15/01/2017
1800000;10;300000;annuity;180;15/01/2018
1800000;10;300000;differential;180;15/01/2019
1800000;10;300000;differential;180;15/01/2017
1800000;10;300000;annuity;180;15/01/2018
1800000;10;300000;differential;180;15/01/2019
1800000;10;300000;differential;180;15/01/2019
1800000;10;300000;annuity;180;15/01/2018
1800000;10;300000;differential;180;15/01/2017
1800000;10;300000;annuity;180;15/01/2018
1800000;10;300000;differential;180;15/01/2019
1800000;10;300000;differential;180;15/01/2019
1800000;10;300000;annuity;180;15/01/2018
1800000;10;300000;differential;180;15/01/2017
1800000;10;300000;annuity;180;15/01/2018
1800000;10;300000;differential;180;15/01/2019
1800000;10;300000;differential;180;15/01/2019
1800000;10;300000;annuity;180;15/01/2018
1800000;10;300000;differential;180;15/01/2017
1800000;10;300000;annuity;180;15/01/2018
1800000;10;300000;differential;180;15/01/2019
1800000;10;300000;differential;180;15/01/2017
1800000;10;300000;annuity;180;15/01/2018
1800000;10;300000;differential;180;15/01/2019
1800000;10;300000;differential;180;15/01/2019
1800000;10;300000;annuity;180;15/01/2018
1800000;10;300000;differential;180;15/01/2017
1800000;10;300000;annuity;180;15/01/2018
1800000;10;300000;differential;180;15/01/2019
1800000;10;300000;differential;180;15/01/2019
1800000;10;300000;annuity;180;15/01/2018
1800000;10;300000;differential;180;15/01/2017
1800000;10;300000;annuity;180;15/01/2018
1800000;10;300000;differential;180;15/01/2019
1800000;10;300000;differential;180;15/01/2019
1800000;10;300000;annuity;180;15/01/2018
1800000;10;300000;differential;180;15/01/2017
1800000;10;300000;annuity;180;15/01/2018
1800000;10;300000;differential;180;15/01/2019
1800000;10;300000;differential;180;15/01/2017
1800000;10;300000;annuity;180;15/01/2018
1800000;10;300000;differential;180;15/01/2019
1800000;10;300000;differential;180;15/01/2019
1800000;10;300000;annuity;180;15/01/2018
1800000;10;300000;differential;180;15/01/2017
1800000;10;300000;annuity;180;15/01/2018
1800000;10;300000;differential;180;15/01/2019
1800000;10;300000;differential;180;15/01/2019
1800000;10;300000;annuity;180;15/01/2018
1800000;10;300000;differential;180;15/01/2017
1800000;10;300000;annuity;180;15/01/2018
1800000;10;300000;differential;180;15/01/2019
1800000;10;300000;differential;180;15/01/2019
1800000;10;300000;annuity;180;15/01/2018
1800000;10;300000;differential;180;15/01/2017
1800000;10;300000;annuity;180;15/01/2018
1800000;10;300000;differential;180;15/01/2019
1800000;10;300000;differential;180;15/01/2017
1800000;10;300000;annuity;180;15/01/2018
1800000;10;300000;differential;180;15/01/2019
1800000;10;300000;differential;180;15/01/2019
1800000;10;300000;annuity;180;15/01/2018
1800000;10;300000;differential;180;15/01/2017
1800000;10;300000;annuity;180;15/01/2018
1800000;10;300000;differential;180;15/01/2019
1800000;10;300000;differential;180;15/01/2019
1800000;10;300000;annuity;180;15/01/2018
1800000;10;300000;differential;180;15/01/2017
1800000;10;300000;annuity;180;15/01/2018
1800000;10;300000;differential;180;15/01/2019
1800000;10;300000;differential;180;15/01/2019
1800000;10;300000;annuity;180;15/01/2018
1800000;10;300000;differential;180;15/01/2017
1800000;10;300000;annuity;180;15/01/2018
1800000;10;300000;differential;180;15/01/2019
1800000;10;300000;differential;180;15/01/2017
1800000;10;300000;annuity;180;15/01/2018
1800000;10;300000;differential;180;15/01/2019
1800000;10;300000;differential;180;15/01/2019
1800000;10;300000;annuity;180;15/01/2018
1800000;10;300000;differential;180;15/01/2017
1800000;10;300000;annuity;180;15/01/2018
1800000;10;300000;differential;180;15/01/2019
1800000;10;300000;annuity;180;15/01/2018
1800000;10;300000;differential;180;15/01/2017
1800000;10;300000;annuity;180;15/01/2018
1800000;10;300000;differential;180;15/01/2019
1800000;10;300000;differential;180;15/01/2019
1800000;10;300000;annuity;180;15/01/2018
1800000;10;300000;differential;180;15/01/2017
1800000;10;300000;annuity;180;15/01/2018
1800000;10;300000;differential;180;15/01/2019
1800000;10;300000;differential;180;15/01/2019
1800000;10;300000;annuity;180;15/01/2018
1800000;10;300000;differential;180;15/01/2017
1800000;10;300000;annuity;180;15/01/2018
1800000;10;300000;differential;180;15/01/2019
1800000;10;300000;differential;180;15/01/2019
1800000;10;300000;annuity;180;15/01/2018
1800000;10;300000;differential;180;15/01/2017
1800000;10;300000;annuity;180;15/01/2018
1800000;10;300000;differential;180;15/01/2019
1800000;10;300000;differential;180;15/01/2017
1800000;10;300000;annuity;180;15/01/2018
1800000;10;300000;differential;180;15/01/2019
1800000;10;300000;differential;180;15/01/2019
1800000;10;300000;annuity;180;15/01/2018
1800000;10;300000;differential;180;15/01/2017
1800000;10;300000;annuity;180;15/01/2018
1800000;10;300000;differential;180;15/01/2019
1800000;10;300000;differential;180;15/01/2019
1800000;10;300000;annuity;180;15/01/2018
1800000;10;300000;differential;180;15/01/2017
1800000;10;300000;annuity;180;15/01/2018
1800000;10;300000;differential;180;15/01/2019
1800000;10;300000;differential;180;15/01/2019
1800000;10;300000;annuity;180;15/01/2018
1800000;10;300000;differential;180;15/01/2017
1800000;10;300000;annuity;180;15/01/2018
1800000;10;300000;differential;180;15/01/2019
1800000;10;300000;differential;180;15/01/2017
1800000;10;300000;annuity;180;15/01/2018
1800000;10;300000;differential;180;15/01/2019
1800000;10;300000;differential;180;15/01/2019
1800000;10;300000;annuity;180;15/01/2018
1800000;10;300000;differential;180;15/01/2017
1800000;10;300000;annuity;180;15/01/2018
1800000;10;300000;differential;180;15/01/2019
1800000;10;300000;differential;180;15/01/2019
1800000;10;300000;annuity;180;15/01/2018
1800000;10;300000;differential;180;15/01/2017
1800000;10;300000;annuity;180;15/01/2018
1800000;10;300000;differential;180;15/01/2019
1800000;10;300000;differential;180;15/01/2019
1800000;10;300000;annuity;180;15/01/2018
1800000;10;300000;differential;180;15/01/2017
1800000;10;300000;annuity;180;15/01/2018
1800000;10;300000;differential;180;15/01/2019
1800000;10;300000;differential;180;15/01/2017
1800000;10;300000;annuity;180;15/01/2018
1800000;10;300000;differential;180;15/01/2019
1800000;10;300000;differential;180;15/01/2019
1800000;10;300000;annuity;180;15/01/2018
1800000;10;300000;differential;180;15/01/2017
1800000;10;300000;annuity;180;15/01/2018
1800000;10;300000;differential;180;15/01/2019
1800000;10;300000;differential;180;15/01/2019
1800000;10;300000;annuity;180;15/01/2018
1800000;10;300000;differential;180;15/01/2017
1800000;10;300000;annuity;180;15/01/2018
1800000;10;300000;differential;180;15/01/2019
1800000;10;300000;differential;180;15/01/2019
1800000;10;300000;annuity;180;15/01/2018
1800000;10;300000;differential;180;15/01/2017
1800000;10;300000;annuity;180;15/01/2018
1800000;10;300000;differential;180;15/01/2019
1800000;10;300000;differential;180;15/01/2017
1800000;10;300000;annuity;180;15/01/2018
1800000;10;300000;differential;180;15/01/2019
1800000;10;300000;differential;180;15/01/2019
1800000;10;300000;annuity;180;15/01/2018
1800000;10;300000;differential;180;15/01/2017
1800000;10;300000;annuity;180;15/01/2018
1800000;10;300000;differential;180;15/01/2019
1800000;10;300000;differential;180;15/01/2019
1800000;10;300000;annuity;180;15/01/2018
1800000;10;300000;differential;180;15/01/2017
1800000;10;300000;annuity;180;15/01/2018
1800000;10;300000;differential;180;15/01/2019
1800000;10;300000;differential;180;15/01/2019
1800000;10;300000;annuity;180;15/01/2018
1800000;10;300000;differential;180;15/01/2017
1800000;10;300000;annuity;180;15/01/2018
1800000;10;300000;differential;180;15/01/2019
1800000;10;300000;differential;180;15/01/2017
1800000;10;300000;annuity;180;15/01/2018
1800000;10;300000;differential;180;15/01/2019
1800000;10;300000;differential;180;15/01/2019
1800000;10;300000;annuity;180;15/01/2018
1800000;10;300000;differential;180;15/01/2017
1800000;10;300000;annuity;180;15/01/2018
1800000;10;300000;differential;180;15/01/2019
1800000;10;300000;annuity;180;15/01/2018
1800000;10;300000;differential;180;15/01/2017
1800000;10;300000;annuity;180;15/01/2018
1800000;10;300000;differential;180;15/01/2019
1800000;10;300000;differential;180;15/01/2019
1800000;10;300000;annuity;180;15/01/2018
1800000;10;300000;differential;180;15/01/2017
1800000;10;300000;annuity;180;15/01/2018
1800000;10;300000;differential;180;15/01/2019
1800000;10;300000;differential;180;15/01/2019
1800000;10;300000;annuity;180;15/01/2018
1800000;10;300000;differential;180;15/01/2017
1800000;10;300000;annuity;180;15/01/2018
1800000;10;300000;differential;180;15/01/2019
1800000;10;300000;differential;180;15/01/2019
1800000;10;300000;annuity;180;15/01/2018
1800000;10;300000;differential;180;15/01/2017
1800000;10;300000;annuity;180;15/01/2018
1800000;10;300000;differential;180;15/01/2019
1800000;10;300000;differential;180;15/01/2017
1800000;10;300000;annuity;180;15/01/2018
1800000;10;300000;differential;180;15/01/2019
1800000;10;300000;differential;180;15/01/2019
1800000;10;300000;annuity;180;15/01/2018
1800000;10;300000;differential;180;15/01/2017
1800000;10;300000;annuity;180;15/01/2018
1800000;10;300000;differential;180;15/01/2019
1800000;10;300000;differential;180;15/01/2019
1800000;10;300000;annuity;180;15/01/2018
1800000;10;300000;differential;180;15/01/2017
1800000;10;300000;annuity;180;15/01/2018
1800000;10;300000;differential;180;15/01/2019
1800000;10;300000;differential;180;15/01/2019
1800000;10;300000;annuity;180;15/01/2018
1800000;10;300000;differential;180;15/01/2017
1800000;10;300000;annuity;180;15/01/2018
1800000;10;300000;differential;180;15/01/2019
1800000;10;300000;differential;180;15/01/2017
1800000;10;300000;annuity;180;15/01/2018
1800000;10;300000;differential;180;15/01/2019
1800000;10;300000;differential;180;15/01/2019
1800000;10;300000;annuity;180;15/01/2018
1800000;10;300000;differential;180;15/01/2017
1800000;10;300000;annuity;180;15/01/2018
1800000;10;300000;differential;180;15/01/2019
1800000;10;300000;differential;180;15/01/2019
1800000;10;300000;annuity;180;15/01/2018
1800000;10;300000;differential;180;15/01/2017
1800000;10;300000;annuity;180;15/01/2018
1800000;10;300000;differential;180;15/01/2019
1800000;10;300000;differential;180;15/01/2019
1800000;10;300000;annuity;180;15/01/2018
1800000;10;300000;differential;180;15/01/2017
1800000;10;300000;annuity;180;15/01/2018
1800000;10;300000;differential;180;15/01/2019
1800000;10;300000;differential;180;15/01/2017
1800000;10;300000;annuity;180;15/01/2018
1800000;10;300000;differential;180;15/01/2019
1800000;10;300000;differential;180;15/01/2019
1800000;10;300000;annuity;180;15/01/2018
1800000;10;300000;differential;180;15/01/2017
1800000;10;300000;annuity;180;15/01/2018
1800000;10;300000;differential;180;15/01/2019
1800000;10;300000;differential;180;15/01/2019
1800000;10;300000;annuity;180;15/01/2018
1800000;10;300000;differential;180;15/01/2017
1800000;10;300000;annuity;180;15/01/2018
1800000;10;300000;differential;180;15/01/2019
1800000;10;300000;differential;180;15/01/2019
1800000;10;300000;annuity;180;15/01/2018
1800000;10;300000;differential;180;15/01/2017
1800000;10;300000;annuity;180;15/01/2018
1800000;10;300000;differential;180;15/01/2019
1800000;10;300000;differential;180;15/01/2017
1800000;10;300000;annuity;180;15/01/2018
1800000;10;300000;differential;180;15/01/2019
1800000;10;300000;differential;180;15/01/2019
1800000;10;300000;annuity;180;15/01/2018
1800000;10;300000;differential;180;15/01/2017
1800000;10;300000;annuity;180;15/01/2018
1800000;10;300000;differential;180;15/01/2019
1800000;10;300000;differential;180;15/01/2019
1800000;10;300000;annuity;180;15/01/2018
1800000;10;300000;differential;180;15/01/2017
1800000;10;300000;annuity;180;15/01/2018
1800000;10;300000;differential;180;15/01/2019
1800000;10;300000;differential;180;15/01/2019
1800000;10;300000;annuity;180;15/01/2018
1800000;10;300000;differential;180;15/01/2017
1800000;10;300000;annuity;180;15/01/2018
1800000;10;300000;differential;180;15/01/2019
1800000;10;300000;differential;180;15/01/2017
1800000;10;300000;annuity;180;15/01/2018
1800000;10;300000;differential;180;15/01/2019
1800000;10;300000;differential;180;15/01/2019
1800000;10;300000;annuity;180;15/01/2018
1800000;10;300000;differential;180;15/01/2017
1800000;10;300000;annuity;180;15/01/2018
1800000;10;300000;differential;180;15/01/2019
1800000;10;300000;annuity;180;15/01/2018
1800000;10;300000;differential;180;15/01/2017
1800000;10;300000;annuity;180;15/01/2018
1800000;10;300000;differential;180;15/01/2019
1800000;10;300000;differential;180;15/01/2019
1800000;10;300000;annuity;180;15/01/2018
1800000;10;300000;differential;180;15/01/2017
1800000;10;300000;annuity;180;15/01/2018
1800000;10;300000;differential;180;15/01/2019
1800000;10;300000;differential;180;15/01/2019
1800000;10;300000;annuity;180;15/01/2018
1800000;10;300000;differential;180;15/01/2017
1800000;10;300000;annuity;180;15/01/2018
1800000;10;300000;differential;180;15/01/2019
1800000;10;300000;differential;180;15/01/2019
1800000;10;300000;annuity;180;15/01/2018
1800000;10;300000;differential;180;15/01/2017
1800000;10;300000;annuity;180;15/01/2018
1800000;10;300000;differential;180;15/01/2019
1800000;10;300000;differential;180;15/01/2017
1800000;10;300000;annuity;180;15/01/2018
1800000;10;300000;differential;180;15/01/2019
1800000;10;300000;differential;180;15/01/2019
1800000;10;300000;annuity;180;15/01/2018
1800000;10;300000;differential;180;15/01/2017
1800000;10;300000;annuity;180;15/01/2018
1800000;10;300000;differential;180;15/01/2019
1800000;10;300000;differential;180;15/01/2019
1800000;10;300000;annuity;180;15/01/2018
1800000;10;300000;differential;180;15/01/2017
1800000;10;300000;annuity;180;15/01/2018
1800000;10;300000;differential;180;15/01/2019
1800000;10;300000;differential;180;15/01/2019
1800000;10;300000;annuity;180;15/01/2018
1800000;10;300000;differential;180;15/01/2017
1800000;10;300000;annuity;180;15/01/2018
1800000;10;300000;differential;180;15/01/2019
1800000;10;300000;differential;180;15/01/2017
1800000;10;300000;annuity;180;15/01/2018
1800000;10;300000;differential;180;15/01/2019
1800000;10;300000;differential;180;15/01/2019
1800000;10;300000;annuity;180;15/01/2018
1800000;10;300000;differential;180;15/01/2017
1800000;10;300000;annuity;180;15/01/2018
1800000;10;300000;differential;180;15/01/2019
1800000;10;300000;differential;180;15/01/2019
1800000;10;300000;annuity;180;15/01/2018
1800000;10;300000;differential;180;15/01/2017
1800000;10;300000;annuity;180;15/01/2018
1800000;10;300000;differential;180;15/01/2019
1800000;10;300000;differential;180;15/01/2019
1800000;10;300000;annuity;180;15/01/2018
1800000;10;300000;differential;180;15/01/2017
1800000;10;300000;annuity;180;15/01/2018
1800000;10;300000;differential;180;15/01/2019
1800000;10;300000;differential;180;15/01/2017
1800000;10;300000;annuity;180;15/01/2018
1800000;10;300000;differential;180;15/01/2019
1800000;10;300000;differential;180;15/01/2019
1800000;10;300000;annuity;180;15/01/2018
1800000;10;300000;differential;180;15/01/2017
1800000;10;300000;annuity;180;15/01/2018
1800000;10;300000;differential;180;15/01/2019
1800000;10;300000;differential;180;15/01/2019
1800000;10;300000;annuity;180;15/01/2018
1800000;10;300000;differential;180;15/01/2017
1800000;10;300000;annuity;180;15/01/2018
1800000;10;300000;differential;180;15/01/2019
1800000;10;300000;differential;180;15/01/2019
1800000;10;300000;annuity;180;15/01/2018
1800000;10;300000;differential;180;15/01/2017
1800000;10;300000;annuity;180;15/01/2018
1800000;10;300000;differential;180;15/01/2019
1800000;10;300000;differential;180;15/01/2017
1800000;10;300000;annuity;180;15/01/2018
1800000;10;300000;differential;180;15/01/2019
1800000;10;300000;differential;180;15/01/2019
1800000;10;300000;annuity;180;15/01/2018
1800000;10;300000;differential;180;15/01/2017
1800000;10;300000;annuity;180;15/01/2018
1800000;10;300000;differential;180;15/01/2019
1800000;10;300000;differential;180;15/01/2019
1800000;10;300000;annuity;180;15/01/2018
1800000;10;300000;differential;180;15/01/2017
1800000;10;300000;annuity;180;15/01/2018
1800000;10;300000;differential;180;15/01/2019
1800000;10;300000;differential;180;15/01/2019
1800000;10;300000;annuity;180;15/01/2018
1800000;10;300000;differential;180;15/01/2017
1800000;10;300000;annuity;180;15/01/2018
1800000;10;300000;differential;180;15/01/2019
1800000;10;300000;differential;180;15/01/2017
1800000;10;300000;annuity;180;15/01/2018
1800000;10;300000;differential;180;15/01/2019
1800000;10;300000;differential;180;15/01/2019
1800000;10;300000;annuity;180;15/01/2018
1800000;10;300000;differential;180;15/01/2017
1800000;10;300000;annuity;180;15/01/2018
1800000;10;300000;differential;180;15/01/2019
1800000;10;300000;annuity;180;15/01/2018
1800000;10;300000;differential;180;15/01/2017
1800000;10;300000;annuity;180;15/01/2018
1800000;10;300000;differential;180;15/01/2019
1800000;10;300000;differential;180;15/01/2019
1800000;10;300000;annuity;180;15/01/2018
1800000;10;300000;differential;180;15/01/2017
1800000;10;300000;annuity;180;15/01/2018
1800000;10;300000;differential;180;15/01/2019
1800000;10;300000;differential;180;15/01/2019
1800000;10;300000;annuity;180;15/01/2018
1800000;10;300000;differential;180;15/01/2017
1800000;10;300000;annuity;180;15/01/2018
1800000;10;300000;differential;180;15/01/2019
1800000;10;300000;differential;180;15/01/2019
1800000;10;300000;annuity;180;15/01/2018
1800000;10;300000;differential;180;15/01/2017
1800000;10;300000;annuity;180;15/01/2018
1800000;10;300000;differential;180;15/01/2019
1800000;10;300000;differential;180;15/01/2017
1800000;10;300000;annuity;180;15/01/2018
1800000;10;300000;differential;180;15/01/2019
1800000;10;300000;differential;180;15/01/2019
1800000;10;300000;annuity;180;15/01/2018
1800000;10;300000;differential;180;15/01/2017
1800000;10;300000;annuity;180;15/01/2018
1800000;10;300000;differential;180;15/01/2019
1800000;10;300000;differential;180;15/01/2019
1800000;10;300000;annuity;180;15/01/2018
1800000;10;300000;differential;180;15/01/2017
1800000;10;300000;annuity;180;15/01/2018
1800000;10;300000;differential;180;15/01/2019
1800000;10;300000;differential;180;15/01/2019
1800000;10;300000;annuity;180;15/01/2018
1800000;10;300000;differential;180;15/01/2017
1800000;10;300000;annuity;180;15/01/2018
1800000;10;300000;differential;180;15/01/2019
1800000;10;300000;differential;180;15/01/2017
1800000;10;300000;annuity;180;15/01/2018
1800000;10;300000;differential;180;15/01/2019
1800000;10;300000;differential;180;15/01/2019
1800000;10;300000;annuity;180;15/01/2018
1800000;10;300000;differential;180;15/01/2017
1800000;10;300000;annuity;180;15/01/2018
1800000;10;300000;differential;180;15/01/2019
1800000;10;300000;differential;180;15/01/2019
1800000;10;300000;annuity;180;15/01/2018
1800000;10;300000;differential;180;15/01/2017
1800000;10;300000;annuity;180;15/01/2018
1800000;10;300000;differential;180;15/01/2019
1800000;10;300000;differential;180;15/01/2019
1800000;10;300000;annuity;180;15/01/2018
1800000;10;300000;differential;180;15/01/2017
1800000;10;300000;annuity;180;15/01/2018
1800000;10;300000;differential;180;15/01/2019
1800000;10;300000;differential;180;15/01/2017
1800000;10;300000;annuity;180;15/01/2018
1800000;10;300000;differential;180;15/01/2019
1800000;10;300000;differential;180;15/01/2019
1800000;10;300000;annuity;180;15/01/2018
1800000;10;300000;differential;180;15/01/2017
1800000;10;300000;annuity;180;15/01/2018
1800000;10;300000;differential;180;15/01/2019
1800000;10;300000;differential;180;15/01/2019
1800000;10;300000;annuity;180;15/01/2018
1800000;10;300000;differential;180;15/01/2017
1800000;10;300000;annuity;180;15/01/2018
1800000;10;300000;differential;180;15/01/2019
1800000;10;300000;differential;180;15/01/2019
1800000;10;300000;annuity;180;15/01/2018
1800000;10;300000;differential;180;15/01/2017
1800000;10;300000;annuity;180;15/01/2018
1800000;10;300000;differential;180;15/01/2019
1800000;10;300000;differential;180;15/01/2017
1800000;10;300000;annuity;180;15/01/2018
1800000;10;300000;differential;180;15/01/2019
1800000;10;300000;differential;180;15/01/2019
1800000;10;300000;annuity;180;15/01/2018
1800000;10;300000;differential;180;15/01/2017
1800000;10;300000;annuity;180;15/01/2018
1800000;10;300000;differential;180;15/01/2019
1800000;10;300000;differential;180;15/01/2019
1800000;10;300000;annuity;180;15/01/2018
1800000;10;300000;differential;180;15/01/2017
1800000;10;300000;annuity;180;15/01/2018
1800000;10;300000;differential;180;15/01/2019
1800000;10;300000;differential;180;15/01/2019
1800000;10;300000;annuity;180;15/01/2018
1800000;10;300000;differential;180;15/01/2017
1800000;10;300000;annuity;180;15/01/2018
1800000;10;300000;differential;180;15/01/2019
1800000;10;300000;differential;180;15/01/2017
1800000;10;300000;annuity;180;15/01/2018
1800000;10;300000;differential;180;15/01/2019
1800000;10;300000;differential;180;15/01/2019
1800000;10;300000;annuity;180;15/01/2018
1800000;10;300000;differential;180;15/01/2017
1800000;10;300000;annuity;180;15/01/2018
1800000;10;300000;differential;180;15/01/2019
1800000;10;300000;annuity;180;15/01/2018
1800000;10;300000;differential;180;15/01/2017
1800000;10;300000;annuity;180;15/01/2018
1800000;10;300000;differential;180;15/01/2019
1800000;10;300000;differential;180;15/01/2019
1800000;10;300000;annuity;180;15/01/2018
1800000;10;300000;differential;180;15/01/2017
1800000;10;300000;annuity;180;15/01/2018
1800000;10;300000;differential;180;15/01/2019
1800000;10;300000;differential;180;15/01/2019
1800000;10;300000;annuity;180;15/01/2018
1800000;10;300000;differential;180;15/01/2017
1800000;10;300000;annuity;180;15/01/2018
1800000;10;300000;differential;180;15/01/2019
1800000;10;300000;differential;180;15/01/2019
1800000;10;300000;annuity;180;15/01/2018
1800000;10;300000;differential;180;15/01/2017
1800000;10;300000;annuity;180;15/01/2018
1800000;10;300000;differential;180;15/01/2019
1800000;10;300000;differential;180;15/01/2017
1800000;10;300000;annuity;180;15/01/2018
1800000;10;300000;differential;180;15/01/2019
1800000;10;300000;differential;180;15/01/2019
1800000;10;300000;annuity;180;15/01/2018
1800000;10;300000;differential;180;15/01/2017
1800000;10;300000;annuity;180;15/01/2018
1800000;10;300000;differential;180;15/01/2019
1800000;10;300000;differential;180;15/01/2019
1800000;10;300000;annuity;180;15/01/2018
1800000;10;300000;differential;180;15/01/2017
1800000;10;300000;annuity;180;15/01/2018
1800000;10;300000;differential;180;15/01/2019
1800000;10;300000;differential;180;15/01/2019
1800000;10;300000;annuity;180;15/01/2018
1800000;10;300000;differential;180;15/01/2017
1800000;10;300000;annuity;180;15/01/2018
1800000;10;300000;differential;180;15/01/2019
1800000;10;300000;differential;180;15/01/2017
1800000;10;300000;annuity;180;15/01/2018
1800000;10;300000;differential;180;15/01/2019
1800000;10;300000;differential;180;15/01/2019
1800000;10;300000;annuity;180;15/01/2018
1800000;10;300000;differential;180;15/01/2017
1800000;10;300000;annuity;180;15/01/2018
1800000;10;300000;differential;180;15/01/2019
1800000;10;300000;differential;180;15/01/2019
1800000;10;300000;annuity;180;15/01/2018
1800000;10;300000;differential;180;15/01/2017
1800000;10;300000;annuity;180;15/01/2018
1800000;10;300000;differential;180;15/01/2019
1800000;10;300000;differential;180;15/01/2019
1800000;10;300000;annuity;180;15/01/2018
1800000;10;300000;differential;180;15/01/2017
1800000;10;300000;annuity;180;15/01/2018
1800000;10;300000;differential;180;15/01/2019
1800000;10;300000;differential;180;15/01/2017
1800000;10;300000;annuity;180;15/01/2018
1800000;10;300000;differential;180;15/01/2019
1800000;10;300000;differential;180;15/01/2019
1800000;10;300000;annuity;180;15/01/2018
1800000;10;300000;differential;180;15/01/2017
1800000;10;300000;annuity;180;15/01/2018
1800000;10;300000;differential;180;15/01/2019
1800000;10;300000;differential;180;15/01/2019
1800000;10;300000;annuity;180;15/01/2018
1800000;10;300000;differential;180;15/01/2017
1800000;10;300000;annuity;180;15/01/2018
1800000;10;300000;differential;180;15/01/2019
1800000;10;300000;differential;180;15/01/2019
1800000;10;300000;annuity;180;15/01/2018
1800000;10;300000;differential;180;15/01/2017
1800000;10;300000;annuity;180;15/01/2018
1800000;10;300000;differential;180;15/01/2019
1800000;10;300000;differential;180;15/01/2017
1800000;10;300000;annuity;180;15/01/2018
1800000;10;300000;differential;180;15/01/2019
1800000;10;300000;differential;180;15/01/2019
1800000;10;300000;annuity;180;15/01/2018
1800000;10;300000;differential;180;15/01/2017
1800000;10;300000;annuity;180;15/01/2018
1800000;10;300000;differential;180;15/01/2019
1800000;10;300000;differential;180;15/01/2019
1800000;10;300000;annuity;180;15/01/2018
1800000;10;300000;differential;180;15/01/2017
1800000;10;300000;annuity;180;15/01/2018
1800000;10;300000;differential;180;15/01/2019
1800000;10;300000;differential;180;15/01/2019
1800000;10;300000;annuity;180;15/01/2018
1800000;10;300000;differential;180;15/01/2017
1800000;10;300000;annuity;180;15/01/2018
1800000;10;300000;differential;180;15/01/2019
1800000;10;300000;differential;180;15/01/2017
1800000;10;300000;annuity;180;15/01/2018
1800000;10;300000;differential;180;15/01/2019
1800000;10;300000;differential;180;15/01/2019
1800000;10;300000;annuity;180;15/01/2018
1800000;10;300000;differential;180;15/01/2017
1800000;10;300000;annuity;180;15/01/2018
1800000;10;300000;differential;180;15/01/2019
1800000;10;300000;annuity;180;15/01/2018
1800000;10;300000;differential;180;15/01/2017
1800000;10;300000;annuity;180;15/01/2018
1800000;10;300000;differential;180;15/01/2019
1800000;10;300000;differential;180;15/01/2019
1800000;10;300000;annuity;180;15/01/2018
1800000;10;300000;differential;180;15/01/2017
1800000;10;300000;annuity;180;15/01/2018
1800000;10;300000;differential;180;15/01/2019
1800000;10;300000;differential;180;15/01/2019
1800000;10;300000;annuity;180;15/01/2018
1800000;10;300000;differential;180;15/01/2017
1800000;10;300000;annuity;180;15/01/2018
1800000;10;300000;differential;180;15/01/2019
1800000;10;300000;differential;180;15/01/2019
1800000;10;300000;annuity;180;15/01/2018
1800000;10;300000;differential;180;15/01/2017
1800000;10;300000;annuity;180;15/01/2018
1800000;10;300000;differential;180;15/01/2019
1800000;10;300000;differential;180;15/01/2017
1800000;10;300000;annuity;180;15/01/2018
1800000;10;300000;differential;180;15/01/2019
1800000;10;300000;differential;180;15/01/2019
1800000;10;300000;annuity;180;15/01/2018
1800000;10;300000;differential;180;15/01/2017
1800000;10;300000;annuity;180;15/01/2018
1800000;10;300000;differential;180;15/01/2019
1800000;10;300000;differential;180;15/01/2019
1800000;10;300000;annuity;180;15/01/2018
1800000;10;300000;differential;180;15/01/2017
1800000;10;300000;annuity;180;15/01/2018
1800000;10;300000;differential;180;15/01/2019
1800000;10;300000;differential;180;15/01/2019
1800000;10;300000;annuity;180;15/01/2018
1800000;10;300000;differential;180;15/01/2017
1800000;10;300000;annuity;180;15/01/2018
1800000;10;300000;differential;180;15/01/2019
1800000;10;300000;differential;180;15/01/2017
1800000;10;300000;annuity;180;15/01/2018
1800000;10;300000;differential;180;15/01/2019
1800000;10;300000;differential;180;15/01/2019
1800000;10;300000;annuity;180;15/01/2018
1800000;10;300000;differential;180;15/01/2017
1800000;10;300000;annuity;180;15/01/2018
1800000;10;300000;differential;180;15/01/2019
1800000;10;300000;differential;180;15/01/2019
1800000;10;300000;annuity;180;15/01/2018
1800000;10;300000;differential;180;15/01/2017
1800000;10;300000;annuity;180;15/01/2018
1800000;10;300000;differential;180;15/01/2019
1800000;10;300000;differential;180;15/01/2019
1800000;10;300000;annuity;180;15/01/2018
1800000;10;300000;differential;180;15/01/2017
1800000;10;300000;annuity;180;15/01/2018
1800000;10;300000;differential;180;15/01/2019
1800000;10;300000;differential;180;15/01/2017
1800000;10;300000;annuity;180;15/01/2018
1800000;10;300000;differential;180;15/01/2019
1800000;10;300000;differential;180;15/01/2019
1800000;10;300000;annuity;180;15/01/2018
1800000;10;300000;differential;180;15/01/2017
1800000;10;300000;annuity;180;15/01/2018
1800000;10;300000;differential;180;15/01/2019
1800000;10;300000;differential;180;15/01/2019
1800000;10;300000;annuity;180;15/01/2018
1800000;10;300000;differential;180;15/01/2017
1800000;10;300000;annuity;180;15/01/2018
1800000;10;300000;differential;180;15/01/2019
1800000;10;300000;differential;180;15/01/2019
1800000;10;300000;annuity;180;15/01/2018
1800000;10;300000;differential;180;15/01/2017
1800000;10;300000;annuity;180;15/01/2018
1800000;10;300000;differential;180;15/01/2019
1800000;10;300000;differential;180;15/01/2017
1800000;10;300000;annuity;180;15/01/2018
1800000;10;300000;differential;180;15/01/2019
1800000;10;300000;differential;180;15/01/2019
1800000;10;300000;annuity;180;15/01/2018
1800000;10;300000;differential;180;15/01/2017
1800000;10;300000;annuity;180;15/01/2018
1800000;10;300000;differential;180;15/01/2019
1800000;10;300000;differential;180;15/01/2019
1800000;10;300000;annuity;180;15/01/2018
1800000;10;300000;differential;180;15/01/2017
1800000;10;300000;annuity;180;15/01/2018
1800000;10;300000;differential;180;15/01/2019
1800000;10;300000;differential;180;15/01/2019
1800000;10;300000;annuity;180;15/01/2018
1800000;10;300000;differential;180;15/01/2017
1800000;10;300000;annuity;180;15/01/2018
1800000;10;300000;differential;180;15/01/2019
1800000;10;300000;differential;180;15/01/2017
1800000;10;300000;annuity;180;15/01/2018
1800000;10;300000;differential;180;15/01/2019
1800000;10;300000;differential;180;15/01/2019
1800000;10;300000;annuity;180;15/01/2018
1800000;10;300000;differential;180;15/01/2017
1800000;10;300000;annuity;180;15/01/2018
1800000;10;300000;differential;180;15/01/2019
1800000;10;300000;annuity;180;15/01/2018
1800000;10;300000;differential;180;15/01/2017
1800000;10;300000;annuity;180;15/01/2018
1800000;10;300000;differential;180;15/01/2019
1800000;10;300000;differential;180;15/01/2019
1800000;10;300000;annuity;180;15/01/2018
1800000;10;300000;differential;180;15/01/2017
1800000;10;300000;annuity;180;15/01/2018
1800000;10;300000;differential;180;15/01/2019
1800000;10;300000;differential;180;15/01/2019
1800000;10;300000;annuity;180;15/01/2018
1800000;10;300000;differential;180;15/01/2017
1800000;10;300000;annuity;180;15/01/2018
1800000;10;300000;differential;180;15/01/2019
1800000;10;300000;differential;180;15/01/2019
1800000;10;300000;annuity;180;15/01/2018
1800000;10;300000;differential;180;15/01/2017
1800000;10;300000;annuity;180;15/01/2018
1800000;10;300000;differential;180;15/01/2019
1800000;10;300000;differential;180;15/01/2017
1800000;10;300000;annuity;180;15/01/2018
1800000;10;300000;differential;180;15/01/2019
1800000;10;300000;differential;180;15/01/2019
1800000;10;300000;annuity;180;15/01/2018
1800000;10;300000;differential;180;15/01/2017
1800000;10;300000;annuity;180;15/01/2018
1800000;10;300000;differential;180;15/01/2019
1800000;10;300000;differential;180;15/01/2019
1800000;10;300000;annuity;180;15/01/2018
1800000;10;300000;differential;180;15/01/2017
1800000;10;300000;annuity;180;15/01/2018
1800000;10;300000;differential;180;15/01/2019
1800000;10;300000;differential;180;15/01/2019
1800000;10;300000;annuity;180;15/01/2018
1800000;10;300000;differential;180;15/01/2017
1800000;10;300000;annuity;180;15/01/2018
1800000;10;300000;differential;180;15/01/2019
1800000;10;300000;differential;180;15/01/2017
1800000;10;300000;annuity;180;15/01/2018
1800000;10;300000;differential;180;15/01/2019
1800000;10;300000;differential;180;15/01/2019
1800000;10;300000;annuity;180;15/01/2018
1800000;10;300000;differential;180;15/01/2017
1800000;10;300000;annuity;180;15/01/2018
1800000;10;300000;differential;180;15/01/2019
1800000;10;300000;differential;180;15/01/2019
1800000;10;300000;annuity;180;15/01/2018
1800000;10;300000;differential;180;15/01/2017
1800000;10;300000;annuity;180;15/01/2018
1800000;10;300000;differential;180;15/01/2019
1800000;10;300000;differential;180;15/01/2019
1800000;10;300000;annuity;180;15/01/2018
1800000;10;300000;differential;180;15/01/2017
1800000;10;300000;annuity;180;15/01/2018
1800000;10;300000;differential;180;15/01/2019
1800000;10;300000;differential;180;15/01/2017
1800000;10;300000;annuity;180;15/01/2018
1800000;10;300000;differential;180;15/01/2019
1800000;10;300000;differential;180;15/01/2019
1800000;10;300000;annuity;180;15/01/2018
1800000;10;300000;differential;180;15/01/2017
1800000;10;300000;annuity;180;15/01/2018
1800000;10;300000;differential;180;15/01/2019
1800000;10;300000;differential;180;15/01/2019
1800000;10;300000;annuity;180;15/01/2018
1800000;10;300000;differential;180;15/01/2017
1800000;10;300000;annuity;180;15/01/2018
1800000;10;300000;differential;180;15/01/2019
1800000;10;300000;differential;180;15/01/2019
1800000;10;300000;annuity;180;15/01/2018
1800000;10;300000;differential;180;15/01/2017
1800000;10;300000;annuity;180;15/01/2018
1800000;10;300000;differential;180;15/01/2019
1800000;10;300000;differential;180;15/01/2017
1800000;10;300000;annuity;180;15/01/2018
1800000;10;300000;differential;180;15/01/2019
1800000;10;300000;differential;180;15/01/2019
1800000;10;300000;annuity;180;15/01/2018
1800000;10;300000;differential;180;15/01/2017
1800000;10;300000;annuity;180;15/01/2018
1800000;10;300000;differential;180;15/01/2019
1800000;10;300000;differential;180;15/01/2019
1800000;10;300000;annuity;180;15/01/2018
1800000;10;300000;differential;180;15/01/2017
1800000;10;300000;annuity;180;15/01/2018
1800000;10;300000;differential;180;15/01/2019
1800000;10;300000;differential;180;15/01/2019
1800000;10;300000;annuity;180;15/01/2018
1800000;10;300000;differential;180;15/01/2017
1800000;10;300000;annuity;180;15/01/2018
1800000;10;300000;differential;180;15/01/2019
1800000;10;300000;differential;180;15/01/2017
1800000;10;300000;annuity;180;15/01/2018
1800000;10;300000;differential;180;15/01/2019
1800000;10;300000;differential;180;15/01/2019
1800000;10;300000;annuity;180;15/01/2018
1800000;10;300000;differential;180;15/01/2017
1800000;10;300000;annuity;180;15/01/2018
1800000;10;300000;differential;180;15/01/2017
1800000;10;300000;annuity;180;15/01/2018
1800000;10;300000;differential;180;15/01/2019
1800000;10;300000;differential;180;15/01/2017
1800000;10;300000;annuity;180;15/01/2018
1800000;10;300000;differential;180;15/01/2019
1800000;10;300000;differential;180;15/01/2019
1800000;10;300000;annuity;180;15/01/2018
1800000;10;300000;differential;180;15/01/2017